construct,n_items,n_complete,cronbach_alpha
Attraction,4,309,0.8382894080470207
Resonance,5,309,0.8118968915305663
Retention,5,309,0.868922859844103
Conversion,5,309,0.819247434681383
Overall_19_items,19,309,0.8232200610689967
