dimension,Gender,n,mean,sd,median,ci95_low,ci95_high
Attraction,Female,155,3.445161290322581,0.43606766250667856,3.5,3.3759682455848328,3.514354335060329
Attraction,Male,154,3.5714285714285716,0.47202308098466916,3.75,3.496283627745583,3.64657351511156
Resonance,Female,155,3.4980645161290327,0.4450989920161108,3.6,3.427438425007622,3.5686906072504434
Resonance,Male,154,3.4441558441558446,0.4236454018802164,3.6,3.376712511089511,3.511599177222178
Retention,Female,155,3.0516129032258066,0.5563511502907388,3.2,2.9633338737497903,3.139891932701823
Retention,Male,154,3.1896103896103893,0.5208300101752908,3.4,3.1066954997253675,3.272525279495411
Conversion,Female,155,2.6012903225806454,0.4029094024641906,2.6,2.5373586653930706,2.66522197976822
Conversion,Male,154,2.6623376623376624,0.47665472658539637,2.6,2.5864553717709153,2.7382199529044096
