dimension,group_a,group_b,mean_a,mean_b,mean_difference_a_minus_b,welch_t,welch_p,mann_whitney_u,mann_whitney_p,cohen_d_a_minus_b,welch_p_holm,mann_whitney_p_holm
Attraction,Female,Male,3.445161290322581,3.5714285714285716,-0.12626728110599084,-2.4419840870257885,0.015175045289835066,9775.5,0.004946211240469617,-0.2779120300176008,0.06070018115934026,0.01978484496187847
Resonance,Female,Male,3.4980645161290327,3.4441558441558446,0.05390867197318805,1.0905507703205286,0.27632737250828104,12977.0,0.17319528728870648,0.12405929783362481,0.45031044165523504,0.34639057457741296
Retention,Female,Male,3.0516129032258066,3.1896103896103893,-0.13799748638458276,-2.250969925552613,0.025097194634477585,10101.5,0.018376335760771387,-0.25605297576355085,0.07529158390343275,0.055129007282314166
Conversion,Female,Male,2.6012903225806454,2.6623376623376624,-0.06104733975701704,-1.2154527595945026,0.22515522082761752,11069.5,0.26418278048927646,-0.13836489307986807,0.45031044165523504,0.34639057457741296
