dimension,Attraction,Resonance,Retention,Conversion
Attraction,1.0,0.1870980471562316,0.0862351000055695,0.2532009996495789
Resonance,0.1870980471562316,1.0,0.18218228817273754,0.2196135222278531
Retention,0.0862351000055695,0.18218228817273754,1.0,0.17051794668574197
Conversion,0.2532009996495789,0.2196135222278531,0.17051794668574197,1.0
