dimension,Attraction,Resonance,Retention,Conversion
Attraction,1.0,0.000950494209775646,0.13039400290381936,6.591312757659377e-06
Resonance,0.000950494209775646,1.0,0.001297860608436435,9.924457476044819e-05
Retention,0.13039400290381936,0.001297860608436435,1.0,0.0026354591364283184
Conversion,6.591312757659377e-06,9.924457476044819e-05,0.0026354591364283184,1.0
