dimension,Attraction,Resonance,Retention,Conversion
Attraction,1.0,0.14535534376696327,0.09334937748463962,0.2860832008605752
Resonance,0.14535534376696327,1.0,0.142772644282943,0.20082943931839745
Retention,0.09334937748463962,0.142772644282943,1.0,0.16927919520570042
Conversion,0.2860832008605752,0.20082943931839745,0.16927919520570042,1.0
