dimension,Attraction,Resonance,Retention,Conversion
Attraction,1.0,0.010516729556365595,0.10145089268771082,3.123804824084451e-07
Resonance,0.010516729556365595,1.0,0.011990413423580775,0.00038201042451556057
Retention,0.10145089268771082,0.011990413423580775,1.0,0.0028342121958082945
Conversion,3.123804824084451e-07,0.00038201042451556057,0.0028342121958082945,1.0
